carbon	replace	carry	molecular	attack	plastic	balloon	point	avoid	ever
wind	case	gift	would	dirt	fellow	crew	diameter	magnet	brought
ought	willing	vast	wise	leave	porch	town	plates	trap	law
wide	danger	hold	guess	there	away	silent	frame	respect	fur
shake	president	somehow	this	grown	outside	cook	building	alphabet	highway
prize	discuss	son	extra	everyone	willing	satellites	sunlight	changing	shinning
able	declared	driving	audience	moment	grew	important	heading	clothes	captain
thy	affect	cutting	son	corn	excited	variety	see	pain	writing
tales	expect	faster	butter	wet	hung	instead	purple	excitement	size
pressure	rush	five	pitch	drew	white	biggest	muscle	believed	rabbit
bow	being	him	ever	solid	shade	mind	related	how	both
conversation	bow	zoo	connected	jack	money	danger	variety	accident	smaller
rhyme	during	nation	scene	if	daily	badly	fastened	tightly	lift
bark	grabbed	contain	circle	curious	band	rather	foreign	giant	colony
music	comfortable	nine	coat	popular	already	cast	rate	century	push
prize	piece	protection	doctor	great	similar	machine	customs	rays	stared
key	stay	gift	information	particularly	fell	dangerous	answer	him	herself
wide	enough	feet	composition	care	pride	hurried	ate	tree	business
written	sit	youth	general	black	gone	threw	chose	known	young
none	article	instead	gas	said	catch	rhyme	of	dangerous	floating
cool	salt	never	lady	happily	further	cold	physical	skill	get
farm	clean	outline	hospital	smaller	through	blew	pictured	stove	soon
future	planned	gray	market	express	dirt	large	freedom	magic	damage
flow	upper	claws	character	alone	great	crop	come	route	grain
below	cup	brick	element	slipped	case	be	whole	judge	string
believed	indeed	welcome	college	diagram	job	dirty	swing	atmosphere	dropped
better	order	lamp	garage	exact	gradually	sides	construction	him	entirely
mirror	ocean	dot	hidden	once	bee	later	within	blanket	garage
leaving	similar	hurried	biggest	accident	ought	success	parallel	compound	grain
whale	rubber	whole	children	point	bowl	who	blood	vast	our
stick	chair	serve	sold	hour	hunter	hair	nor	raw	planet
upward	does	newspaper	common	island	one	base	trick	home	birds
lesson	court	location	eye	pitch	food	nation	strong	accept	frog
major	how	negative	fine	proper	mile	movement	larger	drew	plastic
too	dollar	title	rise	trade	cell	stop	mostly	claws	wish
wind	concerned	changing	describe	bite	signal	thought	army	again	present
recognize	produce	development	along	importance	top	dozen	remember	orange	browserling
pay	recall	effort	took	chicken	ship	year	little	previous	young
peace	improve	path	home	rise	production	boat	habit	elephant	none
policeman	supper	teach	modern	instance	before	kitchen	cell	any	fifth
box	she	slept	vessels	shorter	scientific	shallow	view	below	fix
plain	written	wise	lack	sport	hat	pleasant	desk	greater	limited
door	anyway	hunt	tried	telephone	land	rabbit	chance	especially	cry
flame	race	count	alike	community	mail	dig	very	letter	post
arrive	slight	hundred	funny	real	store	dead	women	running	rose
impossible	tip	opposite	ask	creature	felt	live	cutting	couple	shop
affect	good	main	being	pet	shallow	whispered	happily	it	establish
inch	airplane	group	flat	begun	frequently	cow	sets	merely	material
cloud	tank	question	familiar	unusual	airplane	replace	wrapped	writing	ourselves
compass	twice	while	am	brick	related	hat	pound	construction	route
greatly	call	slow	fox	brick	stick	ourselves	eager	foot	section
closer	before	mill	gate	result	joy	powerful	electric	piece	rocky
toward	fox	raw	caught	hollow	slide	fat	movie	kids	bag
tall	happy	worse	eat	poet	bean	cotton	current	somewhere	lot
make	pass	consist	fastened	too	field	spite	noted	for	sunlight
party	chicken	alive	read	watch	golden	rhyme	world	according	elephant
finally	moon	animal	sky	forward	according	visitor	ear	eat	however
jump	than	musical	large	lion	hurt	heart	perfectly	trade	money
enter	remarkable	outside	upward	opportunity	beside	include	hundred	board	doing
loud	rapidly	check	when	eager	touch	quite	tears	ready	upon
my	truth	front	inside	purpose	whole	route	pleasure	major	zero
able	muscle	rice	younger	relationship	engineer	baseball	identity	kids	answer
please	leader	zero	save	heat	weigh	he	kept	farmer	daughter
hill	yet	century	rocky	ancient	powder	account	that	ordinary	village
harder	gentle	function	local	laid	jungle	mile	fear	drew	clothing
suddenly	night	amount	wonderful	positive	wood	area	nine	face	sit
girl	principal	western	almost	was	appropriate	ill	travel	off	our
late	onto	little	congress	canal	sudden	let	flower	highest	equator
wolf	plus	trunk	horse	shoe	bound	fewer	solid	globe	darkness
putting	notice	any	fort	darkness	earlier	eventually	doing	position	hurried
alone	chart	inside	anybody	element	cotton	pond	bar	measure	quick
film	solid	pull	thrown	because	composition	label	prove	daughter	molecular
advice	born	lucky	hit	oldest	clothing	policeman	rapidly	gain	classroom
gradually	example	few	southern	young	load	actual	matter	canal	us
rope	along	by	bread	browserling	gun	lunch	native	upper	paragraph
floor	rough	after	because	she	men	particular	prevent	wife	wherever
officer	warn	creature	dropped	so	center	serve	tide	apartment	wish
burst	putting	summer	notice	bear	radio	lack	headed	principle	way
heavy	due	figure	have	listen	extra	metal	ocean	chamber	coffee
at	hello	opposite	tell	stay	seeing	white	typical	hide	park
melted	told	clear	stage	nice	wool	three	drink	around	recognize
library	number	stand	halfway	brown	atmosphere	sense	white	were	six
whispered	wash	church	recall	color	silver	written	pencil	choose	layers
little	if	wave	think	combine	exciting	like	bat	grade	pour
pour	sell	alike	piece	active	couple	caught	correct	motor	chapter
thick	do	theory	got	shine	star	truck	equator	rule	tree
told	making	bone	activity	refer	broad	them	kids	eat	pleasure
scientist	took	official	principal	form	nearer	prepare	triangle	guard	gradually
globe	sky	walk	pie	immediately	lost	vertical	palace	calm	men
elephant	ear	frozen	shade	terrible	pay	board	roll	dangerous	folks
cell	stairs	nearby	important	motor	customs	gulf	pain	warn	build
activity	of	minute	egg	comfortable	diagram	pink	job	cheese	shot
team	respect	all	word	anything	positive	anyone	certain	silk	mistake
oxygen	adjective	moon	draw	balance	off	needed	time	garage	primitive
explanation	due	audience	skin	die	price	tea	excited	sail	stand
only	breeze	planning	fix	gently	theory	screen	tie	among	burn
soft	old	month	happen	block	water	union	than	tales	radio
differ	melted	different	left	accident	glad	us	harbor	tea	classroom
environment	soil	directly	event	short	able	lead	serve	toward	plural
plant	classroom	gravity	connected	paragraph	question	come	skill	arm	thee
cap	radio	adventure	leader	roof	pass	concerned	alive	actual	hungry
thousand	after	those	higher	image	egg	fresh	handle	age	pure
teeth	twenty	shoe	met	pan	contrast	fewer	fire	during	part
would	steep	useful	fill	visit	swung	variety	mostly	happily	contrast
occasionally	column	themselves	buy	potatoes	sand	pocket	were	close	customs
comfortable	make	central	nearby	express	surface	nor	mountain	village	worse
military	bone	solid	leather	parts	piano	saw	attached	five	border
sea	shot	fellow	author	wrong	oil	they	complex	building	community
tomorrow	vapor	earth	sink	clay	speed	soil	dead	lips	stared
lungs	receive	hang	worker	bat	stage	animal	softly	cell	knew
out	with	unless	pay	discovery	knife	reach	character	vertical	regular
alone	court	musical	orange	sold	art	tower	include	birth	missing
lesson	track	mine	milk	stream	captain	use	greater	direction	dozen
section	kind	mental	observe	pack	bone	tried	audience	been	race
station	crack	women	apartment	asleep	third	anyone	swim	electricity	line
unit	felt	soil	between	manner	cannot	shop	inch	chapter	mouse
thing	browserling	beginning	typical	harbor	won	apartment	upon	valuable	laugh
enemy	pleasure	column	found	dropped	run	couple	he	pack	write
job	income	moment	stream	action	earlier	previous	apart	choice	plates
copper	choose	decide	studying	actual	disease	involved	nuts	headed	hurt
wear	except	studied	are	feature	interest	leaving	frog	card	place
hospital	remarkable	means	coming	harder	program	paint	region	voice	continent
finger	season	park	gift	require	were	laugh	voice	push	took
running	have	giving	bite	hunter	memory	mistake	describe	swimming	particles
problem	among	tongue	aboard	ready	palace	popular	skill	life	open
treated	research	per	positive	pole	fifty	beside	tent	example	disappear
unless	anywhere	certainly	grade	raw	tail	against	cutting	this	jungle
gather	package	driving	list	flame	tie	similar	opportunity	leave	leather
house	ill	rather	obtain	quarter	fence	golden	earn	bottom	man
four	city	riding	into	event	lips	hurry	perhaps	melted	signal
oxygen	figure	dig	sent	stretch	choose	dangerous	rubbed	nice	steady
lying	mostly	fine	date	shadow	easily	show	met	problem	wrapped
storm	began	article	control	left	very	then	read	second	thumb
element	cage	mission	include	done	shade	magnet	thumb	meal	top
native	record	forth	private	upon	tail	won	direct	warm	fix
mood	sink	pitch	together	bicycle	occur	stuck	scale	back	eight
moment	mile	pictured	trade	salmon	dead	keep	beyond	shirt	tiny
carbon	went	where	create	corner	raise	press	hearing	pair	which
gold	also	evening	avoid	start	safe	almost	farther	replace	pond
electric	engine	impossible	purpose	floor	possibly	rock	good	difficulty	solve
passage	hair	pile	stove	swim	paid	border	picture	whose	ten
fed	sat	couple	volume	space	harbor	complex	want	industrial	me
bare	sitting	key	dry	pride	seldom	saddle	cabin	sudden	toward
unknown	cross	enemy	exercise	never	wool	breathing	garage	various	late
day	object	well	depend	serve	rush	electric	line	bowl	exercise
planet	proud	apartment	brass	down	unusual	plan	replied	recall	arrange
partly	produce	fur	statement	morning	shot	single	careful	late	next
brown	height	name	liquid	record	dollar	beyond	ball	prevent	bark
straight	gray	engine	chance	touch	pie	yes	writer	type	bicycle
basket	thread	globe	thy	baby	basic	judge	solid	pile	harbor
air	regular	mile	weather	nothing	allow	weigh	kill	settle	south
fix	entire	game	attached	animal	neighborhood	held	there	nearly	beyond
wall	wear	getting	upper	done	cream	national	fence	slide	protection
play	example	grow	might	castle	brief	paid	strike	ear	attention
gone	clearly	elephant	floating	fox	themselves	bow	exact	two	capital
jet	have	material	vast	sign	driven	gain	produce	how	hat
greatest	pack	invented	development	sang	minerals	parent	news	laugh	grass
yourself	usually	standard	tool	effect	accident	shout	opposite	product	baseball
folks	instrument	selection	finger	charge	body	hard	closer	fill	entire
race	coast	he	exciting	strip	way	hollow	further	wrote	addition
exist	involved	blue	past	several	go	curious	youth	certainly	root
film	show	grown	greatly	pot	suggest	practice	noise	peace	buffalo
here	first	rather	park	my	thing	sure	pay	wealth	muscle
blow	where	worse	truth	circus	outline	asleep	add	molecular	automobile
trap	forgotten	saw	base	cold	arrow	farm	house	happen	pack
electric	orange	expect	setting	replied	also	weather	loose	bean	corner
brother	onto	grass	owner	weak	rising	there	daily	somebody	accept
wrapped	root	surface	got	select	hill	equal	refused	size	activity
construction	free	word	silver	middle	food	boy	determine	guess	speech
bottle	meant	thing	middle	slept	feathers	swing	machinery	future	row
completely	house	point	feet	go	cake	another	ice	face	origin
back	support	before	battle	double	account	expression	orange	happily	mixture
upper	block	therefore	mood	favorite	branch	donkey	certain	cross	troops
wonderful	fellow	location	dirt	lonely	knife	pair	will	smoke	effect
heading	model	safety	route	spell	truth	went	ants	safety	lie
parallel	point	vessels	central	straw	everywhere	result	under	vote	pleasant
substance	equal	guess	coat	today	blow	bark	fine	wool	influence
settlers	negative	information	word	sleep	tropical	hollow	mental	loss	basket
general	no	thrown	rise	wonderful	tried	hidden	straw	species	proper
shore	frozen	therefore	cent	exact	east	nuts	chance	hello	paint
if	adventure	shoe	across	ground	supper	prepare	giving	subject	group
where	author	sister	stomach	strength	round	mean	thou	made	soap
area	whether	pictured	gentle	slow	paid	minerals	research	hearing	egg
ground	fifth	pound	stronger	line	balloon	successful	anyone	cattle	concerned
weak	position	lamp	hang	had	word	morning	mean	daily	nose
wave	fell	tape	back	essential	various	meant	driver	cup	search
offer	detail	in	doll	far	fewer	rhyme	usually	suit	toy
lonely	electric	slabs	red	magic	must	travel	buried	said	choice
atmosphere	island	freedom	herd	unusual	soap	plane	pleasure	dead	smile
industry	fifth	series	guide	drink	enter	trip	gently	keep	square
bring	name	chose	pitch	magic	spite	hand	peace	per	accident
hidden	maybe	coat	war	leader	crack	affect	them	author	mysterious
row	pair	upon	money	funny	average	truth	are	goose	held
bare	threw	log	living	struck	third	will	tin	captain	flag
past	pride	minute	song	important	tide	by	during	biggest	lake
hearing	pull	thirty	flag	safe	wave	applied	settlers	setting	subject
fewer	mail	poet	become	carried	outside	strike	earth	dog	pile
be	explain	telephone	tea	composition	tool	weigh	division	himself	function
hard	perfect	danger	fire	crowd	on	per	especially	grabbed	suit
blood	girl	wire	idea	storm	poet	minute	kind	huge	strip